<?xml version="1.0" encoding="UTF-8"?>
<!DOCTYPE hibernate-configuration PUBLIC
       "-//Hibernate/Hibernate Configuration DTD 3.0//EN"
        "http://hibernate.sourceforge.net/hibernate-configuration-3.0.dtd">
<hibernate-configuration>
	<session-factory>
		<!-- specify database driver -->
		<property name="hibernate.connection.driver_class">com.mysql.jdbc.Driver</property>
		<property name="hibernate.connection.url"> jdbc:mysql://localhost/hibernate</property>
		<property name="hibernate.connection.username">root</property>
		<property name="connection.password">admin</property>
		<property name="hibernate.dialect"> org.hibernate.dialect.MySQLDialect</property>
		<property name="show_sql">true</property>
		<property name="hbm2ddl.auto">create</property>
		<property name="current_session_context_class">thread</property>
		<mapping resource="Employee.hbm.xml"></mapping>
	</session-factory>
</hibernate-configuration>