<?xml version="1.0"?>
<!DOCTYPE hibernate-mapping PUBLIC 
	"-//Hibernate/Hibernate Mapping DTD//EN"
	"http://hibernate.sourceforge.net/hibernate-mapping-3.0.dtd">
<hibernate-mapping>
	<class name="com.rags.Student" table="STUDENT">
		<id name="id" column="sid"><generator class="increment" /></id>
		<property name="name" column="sname" not-null="true" />
		<property name="degree" column="degree" />
		<property name="phone" column="mobile" unique="true" />
		<property name="email" column="Email" />
	</class>
</hibernate-mapping>