<?xml version="1.0"?>
<!DOCTYPE hibernate-mapping PUBLIC
"-//Hibernate/Hibernate Mapping DTD 3.0//EN"
"http://hibernate.sourceforge.net/hibernate-mapping-3.0.dtd">
<hibernate-mapping>
	<class name="xml.Student" table="student">
		<id name="studentId" column="sutid">
			<generator class="increment" />
		</id>
		<property name="studentName" column="stud_name" type="string" />
		<set name="studentPhone" cascade="all">
			<key column="stud_id" />
			<one-to-many class="xml.Phone" />
		</set>

	</class>

	<class name="xml.Phone" table="phone">
		<id name="phoneId" column="phone_id">
			<generator class="increment" />
		</id>
		<property name="phoneType" column="phone_type" type="string" />
		<property name="phoneNumber" column="phone_number" type="string" />

	</class>
</hibernate-mapping>