<?xml version="1.0"?>
<!DOCTYPE hibernate-mapping PUBLIC
"-//Hibernate/Hibernate Mapping DTD 3.0//EN"
"http://hibernate.sourceforge.net/hibernate-mapping-3.0.dtd">
<hibernate-mapping>
	<class name="com.candidjava.hibernate.Student" table="STUDENT3">

		<id name="studentId" type="long" column="SID">
			<generator class="native" />
		</id>
		<property name="studentName" type="string" not-null="true"
			length="100" column="SNAME" />

		<set name="courses" table="SCOURSE" cascade="all">
			<key column="SID" />
			<many-to-many column="CID" class="com.candidjava.hibernate.Course" />
		</set>
	</class>
</hibernate-mapping>
