<?xml version="1.0" encoding="UTF-8"?>
<!DOCTYPE hibernate-mapping PUBLIC
        "-//Hibernate/Hibernate Mapping DTD 3.0//EN"
        "http://hibernate.sourceforge.net/hibernate-mapping-3.0.dtd">
<hibernate-mapping>
	<class name="com.hello.maven.hibernate.resources.User" table="USER">
		<id name="userId" type="int" column="USER_ID">
			<generator class="assigned"/>
		</id>
		<property name="username">
			<column name="USERNAME"/>
		</property>
		<property name="createdBy">
			<column name="CREATED_BY"/>
		</property>
		<property name="createdDate" type="date">
			<column name="CREATED_DATE"/>
		</property>
	</class>
</hibernate-mapping>